Company Name,Shares Outstanding,Revenue,Net Income,Operating Expenses,Founded,Industry,Sector,Number of Employees,CEO,Capital Expenditure,Market Capitization,Long-Term Debt,Common Stock Value,Financial Performance,Analyst Forecast,Top News
JPMorgan Chase & Co.,"3,022","121,649","46,503","71,343",1799,Banks,Financial Services,"288,474",James Dimon,NA,"400,323",NA,"21,943","In 2021, JPM's revenue was $121.65 billion, an increase of 1.42% compared to the previous year's $119.95 billion. Earnings were $46.50 billion, an increase of 69.66%.","According to 31 analysts, the average rating for JPM stock is ""Buy."" The 12-month stock price forecast is 140.21, which is an increase of 2.73% from the latest price.","Top Dividend Stocks: Morgan Stanley Offers Value And Yield For Investors 7 Must-Own Safe Havens as Market Selloff Accelerates J.P. MORGAN UNVEILS WHAT'S NEXT IN ARTS, CULTURE AND BOOKS FOR 2023 JP Morgan remains world's biggest systemically important bank Chase Takes Nationwide Action to Expand Credit Access for Small Businesses Through Special Purpose Credit Program in ... After Q3 Beat, Is JPMorgan Stock Fairly Priced? 9 Best Value Stocks to Buy Now JPMorgan (JPM) to Set Up New Office, Seeks Expansion in Greece JPMorgan Chase & Co. (JPM) Is a Trending Stock: Facts to Know Before Betting on It JPMorgan Dodges a Buyout-Loan Bullet These 2 Dividend Paying ETFs Have A Track Record For Increasing Payments, Can Help Diversify Against Industry Risk - ... 3 Top-Ranked Stocks up More Than 25% The Past Month JPMorgan Chase hiring 50 employees in Greece for blockchain research J.P. Morgan to Expand in Greece Rising Rates Hit Banks' Bond Holdings Investors Lose $5 Trillion On 12 Stocks They Bet The Farm On JPMorgan Chase and 5 other U.S. mega banks behind a third of the global funding expanding coal, oil and gas My Top Banking Stock to Buy and Hold Forever Biden administration encourages Wall Street banks to keep doing business with certain strategic Russian firms, report... 5 Stocks With High ROE to Buy Amid Congress Mid-Term Polls"
Mastercard,988,"18,884","8,687","8,802",1966,IT Services,Financial Services,"24,000",Richard Davis,-814,"332,534","13,109","-37,527","In 2021, Mastercard's revenue was $18.88 billion, an increase of 23.42% compared to the previous year's $15.30 billion. Earnings were $8.69 billion, an increase of 35.50%.","According to 47 analysts, the average rating for MA stock is ""Buy."" The 12-month stock price forecast is 406.34, which is an increase of 16.55% from the latest price.","Stocks With China Exposure Are Rising With Reopening Hopes Mastercard to Participate in Upcoming Investor Conference Why Mastercard's (MA) Cross-Border Growth is Beneficial for You Is This Unstoppable Growth Stock a Buy Right Now? 2 Reasons Why Mastercard Is Becoming a Solid Buy 7 Stocks to Buy as Republicans Recapture the House 2 Hot Stocks to Buy and Hold Until You Retire Here is What to Know Beyond Why Mastercard Incorporated (MA) is a Trending Stock Mastercard (MA) Unveils Google Wallet for Card Users in Malaysia Beat the Dow Jones With This Unstoppable Dividend Stock Mastercard's Miebach: Sees Asia, Travel as Opportunities Mastercard releases consumer spending survey These 3 Stocks Were Warren Buffett's Biggest Winners Over the Past 5 Years This Portfolio Manager Found A Defensive Play That Pays Off Why Shares of Visa, Mastercard, and Blackstone Are Rising Today Why Mastercard Stock Jumped 15.4% Higher in October Consumer Spending Is Strong, but What Does It Mean for the Economy? Market-Beating Manager Sold Apple, Microsoft, and Mastercard Stock Is Trending Stock Mastercard Incorporated (MA) a Buy Now? Mastercard CEO: Consumer spending not indicating near-term recession"
HSBC Holdings,"20,694","63,940","13,917","33,692",1865,Banks,Financial Services,"219,697",Noel Quinn,"-1,086","117,693",NA,"53,792","In 2021, HSBC Holdings's revenue was $63.94 billion, an increase of 1.37% compared to the previous year's $63.07 billion. Earnings were $13.92 billion, an increase of 166.15%.","According to 25 analysts, the average rating for HSBC stock is ""Buy."" The 12-month stock price forecast is 38.2, which is an increase of 29.62% from the latest price.","HSBC: Strong Industry, Solid Earnings Estimate Revisions HSBC BANK PLC ANNOUNCES RESULTS OF TENDER OFFERS TO PURCHASE NOTES FOR CASH Is It Time to Dive Back into Stocks? HSBC (HSBC) Crossed Above the 50-Day Moving Average: What That Means for Investors HSBC (HSBC) Just Overtook the 20-Day Moving Average HSBC's Top Shareholder Steps Up Pressure for Big Revamp HSBC share price outlook as Ping An pressure mounts HSBC top shareholder Ping An urges aggressive cost cuts, renews spin-off push HSBC raising best lending rate to 5.375% after Hong Kong rate hike HSBC Bank USA, N.A. and Affiliates Raise Prime and Reference Rate HSBC Finance Chief Sought Top Job Before Surprise Resignation HSBC's Canada unit loses National Bank, CIBC as bidders, Global and Mail reports HSBC vs. NABZY: Which Stock Is the Better Value Option? Is HSBC (HSBC) Stock Undervalued Right Now? HSBC Q3 Pre-Tax Earnings Decline Y/Y Despite Revenue Growth HSBC Falls, UBS Rises as European Bank Earnings Season Starts HSBC Falls, UBS Rises as European Bank Earnings Season Kicks Off HSBC CFO Ewen Stevenson to Step Down HSBC Profit Falls on French Retail Disposal, Rising Credit Provisions HSBC Holdings profit tumbles 46%, amid impairment charges, more provisions for bad loans"
Lloyds Banking Group,"70,839","37,444","5,355","10,800",NA,Banks,Financial Services,"57,955",Antonio Horta-Osorio,"-1,791","36,157",NA,"42,676","In 2021, LYG's revenue was 37.44 billion, an increase of 28.38% compared to the previous year's 29.17 billion. Earnings were 5.36 billion, an increase of 519.08%.","According to 27 analysts, the average rating for LYG stock is ""Buy."" The 12-month stock price forecast is 2.9, which is an increase of 34.88% from the latest price.","UK's Lloyds Bank offers staff 2,000 pounds minimum pay rise Lloyds share price is recoiling: Is it a good investment? Lloyds Bank plc 2022 Q3 Interim Management Statement Lloyds Banking Group profit tumbles 26% over amid impairment charge, challenging economy Lloyds reports Q3 profit slide on bad loan charges Lloyds share price forecast: Q3 earnings preview Lloyds Banking Group Is as Safe as Houses UK's Lloyds ditches project finance for new oil and gas fields Lloyd's of London says no evidence found of data compromise from cyberattack Is Lloyds Banking Group (LYG) a Great Value Stock Right Now? Is the Lloyds share price a bargain ahead of BoE decision? LYG vs. NABZY: Which Stock Is the Better Value Option? Should Value Investors Buy Lloyds Banking Group (LYG) Stock? 7 Cheap Dividend Stocks Under $5 LYG vs. NABZY: Which Stock Should Value Investors Buy Now? Are Investors Undervaluing Lloyds Banking Group (LYG) Right Now? UK banks weighing deals despite looming threat of recession Higher interest rates a 'bright spot' for Europe's banks LLoyds Looks to Buy More FinTechs, CEO Says Lloyds Banking Group Hikes Profit Forecasts"
Barclays,"16,851","22,593","6,205","14,659",NA,Banks,Financial Services,"81,600",James Staley,"-1,720","30,521",NA,"18,565","In 2021, Barclays's revenue was 22.59 billion, an increase of 33.47% compared to the previous year's 16.93 billion. Earnings were 6.21 billion, an increase of 306.62%.","According to 26 analysts, the average rating for BCS stock is ""Buy."" The 12-month stock price forecast is 11.2, which is an increase of 45.45% from the latest price.","BCS LAWSUIT ALERT: Levi & Korsinsky Notifies Barclays PLC Investors of a Class Action Lawsuit and Upcoming Deadline BCS ALERT: The Klein Law Firm Announces a Lead Plaintiff Deadline of November 22, 2022 in the Class Action Filed on B... SHAREHOLDER ALERT: Pomerantz Law Firm Investigates Claims On Behalf of Investors of Barclays PLC - BCS The Law Offices of Frank R. Cruz Reminds Investors of Looming Deadline in the Class Action Lawsuit Against Barclays P... Barclays Securities Fraud Class Action Lawsuit Pending: Contact Levi & Korsinsky Before November 22, 2022 to Discuss ... BCS TUESDAY DEADLINE: ROSEN, A TOP RANKED FIRM, Encourages Barclays PLC Investors to Secure Counsel Before Important ... CLASS ACTION ALERT: The Law Offices of Vincent Wong Remind Barclays Investors of a Lead Plaintiff Deadline of Novembe... BCS Final Deadline Notice: ROSEN, Leading Investor Counsel, Encourages Barclays PLC Investors with Losses to Secure C... BCS Investors Have Opportunity to Lead Barclays PLC Securities Fraud Lawsuit TUESDAY DEADLINE NOTICE: The Schall Law Firm Encourages Investors in Barclays PLC with Losses of $100,000 to Contact ... BCS SHAREHOLDER ALERT: Jakubowitz Law Reminds Barclays Shareholders of a Lead Plaintiff Deadline of November 22, 2022 TUESDAY DEADLINE REMINDER: The Schall Law Firm Encourages Investors in Barclays PLC with Losses of $100,000 to Contac... BARCLAYS PLC (BCS) SHAREHOLDER CLASS ACTION ALERT: Bernstein Liebhard LLP Reminds Investors of the Deadline to File a... SHAREHOLDER ALERT: The Gross Law Firm Notifies Shareholders of Barclays PLC of a Class Action Lawsuit and a Lead Plai... INVESTOR ACTION ALERT: The Schall Law Firm Encourages Investors in Barclays PLC with Losses of $100,000 to Contact th... Barclays And Citigroup Cut Hundreds Of Employees—Here Are The Biggest U.S. Layoffs This Year SHAREHOLDER ACTION NOTICE: The Schall Law Firm Encourages Investors in Barclays PLC with Losses of $100,000 to Contac... Wall Street layoffs pick up steam as Citigroup and Barclays cut hundreds of workers SHAREHOLDER ACTION REMINDER: The Schall Law Firm Encourages Investors in Barclays PLC with Losses of $100,000 to Cont... Citi, Barclays Join Rivals in Investment-Banking Job Cuts"
American International Group,854,"52,057","9,388","13,363",1919,Insurance,Financial Services,"36,600",Brian Duperreault,NA,"45,292",NA,"35,484",NA,"According to 21 analysts, the average rating for AIG stock is ""Buy."" The 12-month stock price forecast is 66.05, which is an increase of 8.35% from the latest price.","Is American International Group Stock Fairly Priced? AIG Announces Five-Year Employment Agreement with Peter Zaffino 5 Multiline Insurers to Watch Amid High Inflation and Rate Rise AIG Announces Independent Director Paola Bergamaschi Elected to Join Board Effective December 1, 2022 Midterm elections will be big market catalyst in near term, says Momentum's Allan Boomer AIG Q3 Earnings Beat Estimates on General Insurance Strength American International Group (AIG) Q3 Earnings Surpass Estimates Insurer AIG profit slumps on hurricane costs, lower investment returns AIG Reports Third Quarter 2022 Results What to Expect From American International's (AIG) Q3 Earnings? Analysts Estimate American International Group (AIG) to Report a Decline in Earnings: What to Look Out for AIG to Report Third Quarter 2022 Financial Results on November 1, 2022 and Host Conference Call on November 2, 2022 AIG Announces Redemption of Certain Outstanding Notes AIG Announces Closing of Corebridge Financial, Inc. Initial Public Offering AIG's Corebridge IPO Biggest in 2022 So Far, Fetches $1.7B AIG's Spinoff IPO Doesn't Have to Be Perfect AIG unit Corebridge Financial's IPO prices at low end of range to raise $1.6 billion and mark biggest IPO of the year... AIG unit Corebridge raises $1.68 bln in year's largest IPO AIG Announces Pricing of Corebridge Financial, Inc. Initial Public Offering This AIG spinoff is the biggest IPO of the year at just $1.8 billion as 2022 deals dry up"
Canadian Imperial Bank of Commerce,894,"20,015","6,429","11,535",1867,Banks,Financial Services,"49,505",Victor Dodig,-839,"43,859",NA,"18,786","In 2021, CM's revenue was 20.02 billion, an increase of 6.80% compared to the previous year's 18.74 billion. Earnings were 6.43 billion, an increase of 69.63%.","According to 25 analysts, the average rating for CM stock is ""Buy."" The 12-month stock price forecast is 56.25, which is an increase of 16.03% from the latest price.","HSBC's Canada unit loses National Bank, CIBC as bidders, Global and Mail reports BNPQY vs. CM: Which Stock Should Value Investors Buy Now? CIBC Announces Senior Executive Appointments The 3 Best Bank Stocks to Buy Now BCS vs. CM: Which Stock Should Value Investors Buy Now? BCS or CM: Which Is the Better Value Stock Right Now? Canadian Imperial (CM) Q3 Earnings Fall on Higher Provisions Canadian Imperial Bank (CM) Beats Q3 Earnings and Revenue Estimates Canadian lender CIBC posts fall in third-quarter earnings Canadian banks face Q3 earnings declines on provisions, markets woes Analysts Estimate Canadian Imperial Bank (CM) to Report a Decline in Earnings: What to Look Out for 3 High-Yield Bank Stocks to Earn Passive Income for Years BNPQY or CM: Which Is the Better Value Stock Right Now? Why Canadian Imperial Bank (CM) is a Top Dividend Stock for Your Portfolio KBCSY or CM: Which Is the Better Value Stock Right Now? 3 Top Dividend Stocks That Wall Street Is Sleeping On CIB or CM: Which Is the Better Value Stock Right Now? Canadian Imperial (CM) Down as Q2 Earnings Fall on Higher Costs Canadian Imperial Bank (CM) Beats Q2 Earnings and Revenue Estimates BSMX vs. CM: Which Stock Should Value Investors Buy Now?"
American Express Company,789,"43,799","8,060","33,110",1850,Consumer Finance,Financial Services,"64,000",Stephen Squeri,"-1,550","115,022",NA,"11,648","In 2021, AXP's revenue was $43.80 billion, an increase of 39.68% compared to the previous year's $31.36 billion. Earnings were $8.06 billion, an increase of 157.10%.","According to 32 analysts, the average rating for AXP stock is ""Buy."" The 12-month stock price forecast is 171.81, which is an increase of 11.62% from the latest price.","Warren Buffett Now Owns 20% or More of These 5 Companies Find Out if You Are Approved for an American Express Personal Card Before Impacting Your Credit Score American Express Partners With TikTok As Social Media Drives Small Business Saturday 3 Stocks You Can Buy Today to Take Advantage of Robust Consumer Spending AmEx (AXP) Teams Up With Square to Launch Tailored Credit Card 2 of the Cheapest Stocks I Own Square to launch credit card, partnering with Amex American Express and Square Partner to Create First Credit Card for Square Sellers Warren Buffett Owns a Lot of Stocks -- Here's the One I'm Most Excited About American Express and TikTok Launch the #ShopSmall Accelerator to Help Small Businesses Reach New Audiences on Small B... 3 Ways to Follow Warren Buffett to Massive Long-Term Gains American Express CEO to Participate in Goldman Sachs U.S. Financial Services Conference Assessing Buffett's biggest stock bets Nearly three-quarters of Buffett's portfolio is in five stocks American Express Commits Over $5 Million to Help Cities Build Resilience to Fight Climate Change 4 Forever Stocks You Can Buy On Sale Right Now Why Did Rapper Jack Harlow Get a Shoutout on AmEx's Recent Earnings Call? American Express Travel's 2023 Trending Destinations Unveils Top Trips for Every Type of Traveler What Recession? This Resilient Warren Buffett Stock Just Keeps Plugging Along 3 Warren Buffett Stocks to Buy Hand Over Fist in November"
The Goldman Sachs Group,351,"59,339","21,635","31,938",1869,Capital Markets,Financial Services,"49,100",David Solomon,-734,"130,798",NA,"-19,817","In 2021, GS's revenue was $59.34 billion, an increase of 33.17% compared to the previous year's $44.56 billion. Earnings were $21.64 billion, an increase of 128.72%.","According to 34 analysts, the average rating for GS stock is ""Buy."" The 12-month stock price forecast is 391.54, which is an increase of 1.37% from the latest price.","Goldman Sachs (GS) to Pay SEC $4M Penalty Over ESG Fund Case Top Dividend Stocks: Morgan Stanley Offers Value And Yield For Investors SEC charges Goldman Sachs Asset Management with not following ESG investments policies Goldman Sachs to Pay $4 Million to Settle Investigation Over ESG Funds Goldman Sachs Asset Management fined $4 million to settle SEC charges of lax ESG policies 3 Bargain Stocks You Can Buy Today and Hold Forever 7 Stocks to Buy as Republicans Recapture the House Goldman (GS) Up 22.6% Since Last Earnings Report: Can It Continue? ‘Investors aren't thinking enough about what can go right in 2023.' Veteran manager offers five stocks to play the bi... Goldman Sachs Shows Powerful Gains; Here's How This Option Trade Could Net $165 | IBD 2 Dirt Cheap Dividend Stocks to Buy Right Now Is Goldman Sachs Stock Attractive At The Current Levels? Goldman Sachs paid $12 million to female partner to settle sexism complaint, Bloomberg reports Bankers' bonuses seen cratering Goldman Sachs Asset Management and Lincoln Harris Purchase 445,000-Square-Foot Life Science Campus in the Heart of Ra... Capital Wealth Planning founder Kevin Simpson presents his 5-star defensive playbook Rising Rates Hit Banks' Bond Holdings Goldman Sachs CEO says he expects a 'reopening' in capital markets next year ClearGen Announces the Acquisition of Partnership Interests in 25 Wind Farms Totaling 1.4 Net GW from MUFG Goldman Sachs just announced its newest partner class. From trading to investment banking, here's the businesses that..."
Bank of America,"8,493","89,113","31,978","59,731",1784,Banks,Financial Services,"213,000",Brian Moynihan,0,"301,724",NA,"87,106","In 2021, BAC's revenue was $89.11 billion, an increase of 4.19% compared to the previous year's $85.53 billion. Earnings were $31.98 billion, an increase of 78.71%.","According to 31 analysts, the average rating for BAC stock is ""Buy."" The 12-month stock price forecast is 41.78, which is an increase of 11.09% from the latest price.","4 dividend growth stocks to buy with a 5-year dividend growth rate of 15% 2 No-Brainer Buffett Stocks to Buy for 2023 3 Stocks You Can Buy Today to Take Advantage of Robust Consumer Spending BofA Awards Over $3.6 Million to Nonprofits Tackling Economic Mobility in Metro Detroit 3 of the Smartest Stocks to Buy in a Fed-Induced Bear Market Why Is Bank of America (BAC) Up 8.1% Since Last Earnings Report? Is It Time to Buy the S&P 500's 4 Worst-Performing Stocks? Here Are My 5 Largest Dividend Stock Investments Right Now Bankers' bonuses seen cratering Bank of America Corporation (BAC) is Attracting Investor Attention: Here is What You Should Know Prem Watsa's Fairfax Buys Orla Mining, Adds to 2 Top Holdings Citigroup Analysts Yank Buy Rating From Bank of America Bank of America downgraded to neutral IBD Names 13 Best HSA Accounts For 2023 The Top 10 HSA Misconceptions, And 2023 HSA Rules 7 Cheap Blue-Chip Stocks to Buy Before They Rebound Rising Rates Hit Banks' Bond Holdings Bank of America Issues Its Third Equality Progress Sustainability Bond for $2 Billion Bank of America Corporation Announces Cash Tender Offers by BofA Securities, Inc. for up to $1.5 Billion in Aggregate... BofA Data Finds Overall Consumer Spending Continued to Grow in October though at a Slower Pace than Prior Months"
VMware,420,"12,851","1,820","8,245",NA,Software,Technology,"37,500",Patrick Gelsinger,-386,"50,488","13,598",4,"In 2021, VMware's revenue was $12.85 billion, an increase of 9.21% compared to the previous year's $11.77 billion. Earnings were $1.82 billion, a decrease of -11.56%.","According to 25 analysts, the average rating for VMW stock is ""Buy."" The 12-month stock price forecast is 143.43, which is an increase of 20.18% from the latest price.","VMware (VMW) Q3 Earnings Miss Estimates, Revenues Rise Y/Y VMware (VMW) Misses Q3 Earnings and Revenue Estimates VMware Reports Fiscal Year 2023 Third Quarter Results Broadcom's proposed $61B VMware acquisition scrutinized by UK regulators Broadcom's $61 bln acquisition Of VMware on UK regulator radar Top Wall Street analysts like these stocks amid the macro uncertainty VMware Enables Customers to Shift from Cloud Chaos to Cloud Smart with Multi-Cloud Offerings HPE and VMware Advance Partnership to Drive Digital Transformation with Integrated Hybrid Cloud Experience Equinix and VMware to Expand Global Cloud Services Offerings VMware and Equinix partner to bring data to the edge for metro or branch processing VMware Accelerates Innovation and Digital Transformation in Sovereign Clouds with New Sovereign-Ready Solutions VMware Extends SD-WAN Leadership with Innovations Enabling Enterprises to Connect and Secure the Distributed, Multi-C... VMware Unveils VMware Carbon Black XDR to Help Enterprises Strengthen Lateral Security VMware Helps Platform Teams Get Cloud Smart with New Cloud Native App Modernization and Cloud Management Capabilities VMware Unveils New Anywhere Workspace Updates Designed to Lower IT Burden, Improve Employee Experience Cybersecurity Stocks To Watch As Wall Street Eyes 2023 Corporate Budgets Options Announces VMware Cloud Verified Status in TR2 Broadcom banking on early EU approval of $61 bln VMware deal -sources Forget Negativity; 3 Inspiring Acquisitions in 2022 Calculating the Odds on Broadcom's VMWare Takeover"
Atlassian,253,"2,802.88",-614.12,"2,443.63",2002,Software,Technology,"9,800",NA,-70.58,"18,460","1,273.85","2,182.54","In 2022, Atlassian's revenue was $2.80 billion, an increase of 34.16% compared to the previous year's $2.09 billion. Losses were -$614.12 million, -11.80% less than in 2021.","According to 31 analysts, the average rating for TEAM stock is ""Buy."" The 12-month stock price forecast is 316.86, which is an increase of 154.51% from the latest price.","2 Growth Stocks With 124% and 192% Upside From Their 52-Week Lows, According to Wall Street 2 Top Growth Stocks With ""No Downside"" to Buy Now, According to Wall Street Why Datadog, MongoDB, and Atlassian Rallied Big Today Beleaguered tech stocks rocket higher after consumer price index shows inflation easing 5 Cheap Stocks Beginning Investors Can Buy Right Now 2 Top Growth Stocks That Could Double Your Money in 2023, According to Wall Street 2 SaaS Stocks Worth Taking Another Look At 1 Reason to Buy Atlassian Stock, and 1 Reason to Sell Atlassian Cuts Its Full-Year Guidance -- Is This a Sell Signal? Atlassian stock tanks amid an earnings miss, reaching 52-week lows Why Block Popped but Appian and Atlassian Dropped on Friday Why Atlassian Shares Collapsed by as Much as 42.6% This Week Atlassian's (TEAM) Q1 Earnings Miss, Revenues Beat Estimates The cloudburst is upon us: Cloud-software stocks suffering worst declines on record Software Stocks Atlassian, Twilio, Cloudflare Take A Beating On Guidance Atlassian and Twilio Show the Downside of SaaS Stocks Atlassian (TEAM) Q1 Earnings Lag Estimates Atlassian Named a Leader in the 2022 Gartner® Magic Quadrant™ for IT Service Management Platforms Atlassian plummets more than 20% on weak earnings report and disappointing forecast Atlassian stock drops 25% after earnings, potentially wiping away more than $10 billion in valuation"
com,"10,120","469,822","33,364","172,599",1994,Internet & Direct Marketing Retail,Technology,"1,544,000",Andy Jassy,"-55,396","960,286","116,395","53,706","In 2021, Amazon.com's revenue was $469.82 billion, an increase of 21.70% compared to the previous year's $386.06 billion. Earnings were $33.36 billion, an increase of 56.41%.","According to 59 analysts, the average rating for AMZN stock is ""Buy."" The 12-month stock price forecast is 147.86, which is an increase of 57.08% from the latest price.","Amazon to shut down online learning academy in India Amazon to shut down its online learning platform in India Going Viral: Amazon's Movie Theater Push Amazon Can't Get Peloton Back in the Black Amazon plans to pour $1 billion annually on theater movies Movie theater stocks pop after report says Amazon plans to spend $1 billion on releases Amazon to invest $1 billion yearly to produce movies for theaters As Amazon Stock Falls, E-Commerce Is Set for a Comeback Amazon Negates This Bearish Trend As Black Friday, Cyber Monday Approach: What's Going On? - Amazon.com (NASDAQ:AMZN) Jim Cramer says these 10 tech and software stocks can make a comeback There's more pain ahead for tech, warns Bernstein's Dan Suzuki Amazon Alexa on track to lose $10 billion this year, described as 'colossal failure' in new report Stanley Druckenmiller Buys the Dip on Amazon, Slashes Microsoft Amazon to begin locking out some laid-off employees on Wednesday Yes, Gap's Amazon Deal Can Be Desperate And Smart At The Same Time Amazon launches second cloud region in India, pledges $4.4 billion investment NYC judge demands Amazon stop firing workers for organizing Tech Watchdog Demands U.K. Antitrust Investigation Of Amazon's iRobot Buyout Duke Energy Enters Into Amazon Cloud Deal Nasdaq Drops Over 100 Points, But Market Volatility Decreases - Apple (NASDAQ:AAPL), Amazon.com (NASDAQ:AMZN)"
Apple,"16,216","394,328","99,803","51,345",1977,"Technology Hardware, Storage & Peripherals",Technology,"164,000",Timothy Cook,"-10,708","2,403,237","98,959","64,849","In 2022, Apple's revenue was $394.33 billion, an increase of 7.79% compared to the previous year's $365.82 billion. Earnings were $99.80 billion, an increase of 5.41%.","According to 50 analysts, the average rating for AAPL stock is ""Buy."" The 12-month stock price forecast is 184.68, which is an increase of 22.25% from the latest price.","Apple Says It Is Trying to Resolve Problems at Foxconn's iPhone Factory Dow Stock News: Apple Eyes Manchester United? FTC Seen Challenging Microsoft-Activision Deal Apple interested in buying Manchester United: report Apple Addresses Worker Complaints After Unrest at China iPhone Factory Larger protests under control at Foxconn's major iPhone factory in China - source What the China protests mean for Apple This award-winning editor says Bob Iger could sell Disney to Apple Inc South Korean financial regulator confirms it is reviewing Apple Pay service for launch Apple: Violent protests erupt at iPhone factory in China over COVID restrictions, work conditions Stocks With China Exposure Are Rising With Reopening Hopes Apple iPhone 14 Pro Supply Issues In Focus After Factory Protests Wedbush reiterates bullish rating on Apple stock, citing holiday iPhone demand Apple iPhone wait times have doubled to after Christmas, UBS says Apple Set for Black Friday iPhone Shortages, Analyst Says. Forget Happy Holidays. Apple Shares Dip In Premarket Amid Covid Protest At China's Biggest iPhone Factory UK Probes Apple and Google's 'Stranglehold' Over Mobile Browsing Jim Cramer says these 10 tech and software stocks can make a comeback There's more pain ahead for tech, warns Bernstein's Dan Suzuki UK probes Apple, Google over cloud gaming, browsers Apple's Pro iPhones will be harder to find in stores this holiday -Best Buy"
Broadcom,410,"27,450","6,736","8,325",NA,Semiconductors & Semiconductor Equipment,Technology,"20,000",Hock Tan,-439,"216,128","39,440","24,330","In 2021, Broadcom's revenue was $27.45 billion, an increase of 14.91% compared to the previous year's $23.89 billion. Earnings were $6.74 billion, an increase of 127.57%.","According to 31 analysts, the average rating for AVGO stock is ""Buy."" The 12-month stock price forecast is 657.69, which is an increase of 23.25% from the latest price.","4 dividend growth stocks to buy with a 5-year dividend growth rate of 15% Broadcom Inc. (AVGO) is Attracting Investor Attention: Here is What You Should Know Broadcom's proposed $61B VMware acquisition scrutinized by UK regulators Broadcom's $61 bln acquisition Of VMware on UK regulator radar 3 Bargain Stocks You Can Buy Today and Hold Forever 3 Stocks Seeing Insider Activity in 2022 7 Semiconductor Stocks to Buy and Hold Forever Chip Production Lead Times Shrink As Cyclical Downturn Takes Shape Broadcom Inc. (AVGO) Is a Trending Stock: Facts to Know Before Betting on It Quality and high dividends set these five semiconductor stocks apart from poorer-performing competitors Broadcom Inc. to Announce Fourth Quarter and Fiscal Year 2022 Financial Results on Thursday, December 8, 2022 Semiconductor Companies Now Face an Oversupply. What Happened? Semiconductor Stocks: Which Companies Make The World's Critical Components? Nasdaq Bear Market: 5 Awe-Inspiring Growth Stocks You'll Regret Not Buying on the Dip Get Ready To Buy Stocks Again This Month (Including These 11) 7 Cash-Rich Dividend Stocks to Buy Now Digital Divide: Can Federal Funding For Rural Broadband Narrow The Gap? 9 Pounded Big-Cap Nasdaq Stocks Can Still Make You Money SK Hynix adds to evidence that the chip glut is here to stay for a while Investors Heavily Search Broadcom Inc. (AVGO): Here is What You Need to Know"
Adobe,477,"15,785","4,822","8,118",1982,Software,Technology,"25,988",Shantanu Narayen,-348,"156,104","4,576","-8,971","In 2021, Adobe's revenue was $15.79 billion, an increase of 22.67% compared to the previous year's $12.87 billion. Earnings were $4.82 billion, a decrease of -8.33%.","According to 41 analysts, the average rating for ADBE stock is ""Buy."" The 12-month stock price forecast is 376.14, which is an increase of 12.02% from the latest price.","Adobe Challenger Bets Economic Downturn Will Propel Sales My Take: 4 Strong Growth Stocks to Buy This Week Jim Cramer says these 10 tech and software stocks can make a comeback 2 Beaten-Down Stocks That Could Recover in 2023 Investors Heavily Search Adobe Inc. (ADBE): Here is What You Need to Know 2 Top Software Stocks to Buy for the Long Haul Stock Split Watch: Is Adobe Next? 3 Stocks That Could Turn $20,000 Into $100,000 by 2030 2 Leading Tech Stocks to Buy in 2022 and Beyond Final Trades: Adobe, Home Depot, TJX & more 7 Cheap Tech Stocks to Buy Before the Next Breakout 7 Tech Stocks to Buy at a Multi-Year Discount 3 Stocks to Buy While They're on Sale 2 Top Bargain Stocks Ready for a Bull Run Adobe Inc. (ADBE) is Attracting Investor Attention: Here is What You Should Know 3 Top Tech Stocks to Buy Right Now 3 Top Buys for November Chantico Global CEO Gina Sanchez offers 3 buys and a bail: AMZN, MSFT, ADBE & DOCU Why Adobe Rose 15.7% in October Justice Department is prepping probe of Adobe's $20 billion acquisition of Figma: report"
Nokia,"5,654","22,202","1,623","6,676",1865,Communications Equipment,Technology,"87,927",Pekka Lundmark,-457,"26,817","5,361","20,293",NA,"According to 34 analysts, the average rating for NOK stock is ""Buy."" The 12-month stock price forecast is 5.94, which is an increase of 24.01% from the latest price.","Nokia completes first phase of share buyback program Nokia Corporation: Repurchase of own shares on 11.11.2022 Nokia Corporation - Managers' transactions (Martikainen) Nokia Corporation: Repurchase of own shares on 10.11.2022 Nokia Corporation: Repurchase of own shares on 09.11.2022 Nokia Corporation: Repurchase of own shares on 08.11.2022 Nokia Corporation: Repurchase of own shares on 07.11.2022 Nokia Corporation: Repurchase of own shares on 04.11.2022 Nokia Corporation: Repurchase of own shares on 03.11.2022 Nokia Corporation: Repurchase of own shares on 02.11.2022 Nokia Corporation: Repurchase of own shares on 01.11.2022 Nokia takes ESG strategy to next level of impact Nokia Corporation: Repurchase of own shares on 28.10.2022 Nokia Corporation: Repurchase of own shares on 27.10.2022 Nokia Corporation: Repurchase of own shares on 26.10.2022 Nokia optical transport selected by State Grid Corporation of China, bringing massive scale, security and agility to ... Nokia Corporation: Repurchase of own shares on 25.10.2022 Nokia Corporation - Managers' transactions (Corker) Nokia Corporation - Managers' transactions (Uitto) Nokia Corporation: Repurchase of own shares on 24.10.2022"
Dell Technologies,764,"101,197","5,563","17,232",1984,"Technology Hardware, Storage & Peripherals",Technology,"133,000",Michael Dell,"-2,796","11,560","21,131","6,934","In 2021, DELL's revenue was $101.20 billion, an increase of 16.76% compared to the previous year's $86.67 billion. Earnings were $5.56 billion, an increase of 71.17%.","According to 26 analysts, the average rating for DELL stock is ""Buy."" The 12-month stock price forecast is 55.74, which is an increase of 24.95% from the latest price.","Dell Technologies to Present at Investor Conferences in November and December DELL Q3 Earnings Beat Estimates, Lower PC Sales Hurt Revenues Dell beats on earnings but issues cautious guidance Dell Technologies (DELL) Q3 Earnings and Revenues Top Estimates These 2 Stocks Made Investors Happy After Hours Monday Dell stock surges more than 5% after earnings beat Dell Tops Third-Quarter Views On Growth In Servers, Storage Dell quarterly profit jumps on higher server demand, lower costs Dell Technologies Announces Third Quarter Fiscal 2023 Financial Results The PC boom has gone bust, and we are about to see the results ahead of Black Friday Dell Technologies (DELL) to Post Q3 Earnings: What's in Store? Dell Technologies Strengthens Cyber Resiliency with Multicloud Data Protection and Security Innovations Dell reaches $1 billion lawsuit settlement Dell Technologies to pay $1 billion settlement in suit stemming from 2018 Class V stock deal Earnings Preview: Dell Technologies (DELL) Q3 Earnings Expected to Decline Dell Technologies Advances High Performance Computing and AI with Dell PowerEdge Servers and Dell APEX Innovation Dell Technologies Stock Could Keep Disappointing Can the PC Market Bounce Back From Its Recent Lows? Dell Technologies to Hold Conference Call November 21 to Discuss Third Quarter Fiscal 2023 Financial Results Australian competition watchdog start proceedings against Dell's local unit"
Autodesk,220,"4,386.40",497,"3,350.30",1982,Software,Technology,"12,600",Andrew Anagnost,-66.5,"42,539","2,624","2,923","In 2021, Autodesk's revenue was $4.39 billion, an increase of 15.72% compared to the previous year's $3.79 billion. Earnings were $497.00 million, a decrease of -58.86%.","According to 30 analysts, the average rating for ADSK stock is ""Buy."" The 12-month stock price forecast is 257.04, which is an increase of 30.43% from the latest price.","Autodesk withholding guidance due to ‘unprecedented' FX environment, CEO says Autodesk (ADSK) Q3 Earnings and Revenues Meet Estimates Down 30% From Their Highs, Can These 2 Tech Stocks Bounce Back? Autodesk to Present at Upcoming Investor Conferences Autodesk (ADSK) Q3 Earnings Match Estimates Stocks to watch in after hours: Nordstrom, HP, Guess, Autodesk Autodesk trims billings forecast, citing a more cautious software customer Autodesk Meets Third-Quarter Expectations But Misses With Outlook AUTODESK, INC. ANNOUNCES FISCAL 2023 THIRD QUARTER RESULTS 2 Growth Stocks to Buy Before a Big Rally Steve Mandel Is Loading Up on These Undervalued Tech Stocks Deere Stock, Analog Devices Hold Gains Amid Bullish Earnings Prospects; Baidu, Autodesk Also Set To Report Nasdaq Bear Market: 2 Stocks I'm Buying During a Recession 7 No-Brainer Metaverse Stocks to Buy for 2023 and Beyond 4 Solid Stocks to Watch on a Booming Metaverse Space Autodesk Extends Invitation to Join Financial Results Conference Call 7 Software Stock Predictions for 2023 $5,000 Invested in These 2 Tech Stocks Could Turn Into $50,000 This Decade Have $1,000? These 2 Stocks Could Be Bargain Buys for 2022 and Beyond 5 Stocks to Gain From the Flourishing Metaverse Space"
Shopify,"1,247","4,611.86","2,914.66","2,212.50",2004,IT Services,Technology,"10,000",Tobias Lutke,-50.79,"43,760","1,157.74","8,201.17","In 2021, Shopify's revenue was $4.61 billion, an increase of 57.43% compared to the previous year's $2.93 billion. Earnings were $2.91 billion, an increase of 812.23%.","According to 50 analysts, the average rating for SHOP stock is ""Buy."" The 12-month stock price forecast is 41.57, which is an increase of 13.05% from the latest price.","7 Deeply Undervalued Stocks That Can Make You a Millionaire by 2025 Got $5,000? These 3 Growth Stocks Are Trading Near Their 52-Week Lows 3 Cyclical Stocks to Lead the Market Into the New Year 5 Struggling Stocks to Buy at a Discount 2 E-Commerce Stocks You Can Buy and Hold for the Next Decade Al Gore's Firm Dumps Intel Stock. It Also Sold Shopify and Microsoft. 3 Top Stocks to Buy Before the New Year Got $1,000? 2 Top Growth Stocks to Buy That Could Double Your Money Is Shopify's Business in Trouble? Cathie Wood Expects Shopify to Be 'Spectacular' Stock Why Buying Shopify Stock Now Could Be a Genius Move This Growth Stock Is a Once-in-a-Generation Buying Opportunity in a Bear Market Best Stocks To Invest In: November 2022 2 Stocks That Could Outperform the Next Bull Market If I Were You, I'd Buy These 3 Stocks Before They Skyrocket 5 Stocks That Could Be the Next Trillion-Dollar Companies Why Shopify, Snowflake, and Palantir Stocks All Rallied Early Tuesday Investors Heavily Search Shopify Inc. (SHOP): Here is What You Need to Know The Best Stocks to Buy With $500 Right Now 4 Growth Stocks to Watch Right Now"
Duke Energy,769,"25,097","3,908","5,333",NA,Electric Utilities,Energy,"27,605",Lynn Good,"-9,715","75,882","61,522","46,334","In 2021, Duke Energy's revenue was $25.10 billion, an increase of 5.15% compared to the previous year's $23.87 billion. Earnings were $3.91 billion, an increase of 183.81%.","According to 24 analysts, the average rating for DUK stock is ""Buy."" The 12-month stock price forecast is 107.04, which is an increase of 8.63% from the latest price.","Duke Energy (DUK) Announces Acquisition of Wildflower Solar Duke Energy Corporation (DUK) Is a Trending Stock: Facts to Know Before Betting on It Duke Energy Enters Into Amazon Cloud Deal Duke Energy Sustainable Solutions enters Mississippi with acquisition of 100-MW Wildflower Solar from Clearway Energy... 7 Utility Stocks to Buy Heading Into December 2022 Honoring Florida's veterans: Duke Energy joins forces with statewide organizations to provide $235,000 in support for... Duke Energy collaborates with AWS to develop smart grid solutions to better serve customers and drive its clean energ... Duke Energy provides aid for customers, communities with nearly $100,000 in grants to support basic needs Duke Energy provides $34,000 in grants to support Hoosier veterans and active-duty service members Wendy's Central Florida Restaurants Now Sourcing Renewable Energy from Florida Power Grid Duke Energy Collaborates with North American Utilities on Protecting Customers from Scams How I'd Invest $10,000 Today -- Including Real Estate -- if I Had to Start From Scratch Utilities Earnings Mixed in Q3: ETFs in Focus Duke Energy Florida makes rapid progress; restores 98% of its customers 12 hours after Nicole exited the state Duke Energy Florida aims to wrap up restoration for customers by Friday night Duke Energy crews assess damage, restore power for thousands of customers across Florida UNC Charlotte, City of Charlotte, Centralina Regional Council, Duke Energy win prestigious Diversity, Equity and Incl... Duke Energy urges customers in the Carolinas to prepare for potential impacts from Nicole Duke Energy urges customers to stay safe as Tropical Storm Nicole moves through Florida Duke Energy to install microgrid at Camp Lejeune"
DTE Energy Company,193,"14,964",907,"1,841",1903,Multi-Utilities,Energy,"10,400",Gerardo Norcia,"-3,769","22,182","14,605","5,379","In 2021, DTE's revenue was $14.96 billion, an increase of 31.00% compared to the previous year's $11.42 billion. Earnings were $907.00 million, a decrease of -33.70%.","According to 22 analysts, the average rating for DTE stock is ""Buy."" The 12-month stock price forecast is 127.43, which is an increase of 11.30% from the latest price.","DTE Energy annual sustainability report highlights company efforts toward a clean energy future DTE Energy names Andy Coulouris to vice president, Corporate and Government Affairs DTE Energy issues dividend DTE Energy Foundation provides $1.26 million in grants to support economic progress and community transformation in M... DTE Energy proposes transformational investment in Michigan-made renewable energy and accelerates emission reductions DTE Energy (DTE) Q3 Earnings Surpass Estimates, Decline Y/Y DTE Energy reports strong third quarter 2022 results What's in the Cards for DTE Energy (DTE) in Q3 Earnings? DTE Energy (DTE) Adds 7-Eleven to Its MIGreenPower Program Earnings Preview: DTE Energy (DTE) Q3 Earnings Expected to Decline 7-Eleven signs 20-year clean energy agreement in Michigan through DTE Energy's MIGreenPower program DTE Energy schedules third quarter 2022 earnings release, conference call Here's Why DTE Energy (DTE) is Poised for a Turnaround After Losing 21.8% in 4 Weeks EBR or DTE: Which Is the Better Value Stock Right Now? The 7 Best Meme Stocks to Buy Now 3 Dividend-Paying Electric Power Stocks for Steady Income The 7 Best Utility Stocks to Buy Now A Pair of Undervalued Stocks Crushing the S&P 500 Index More than 250,000 DTE Energy in Michigan without power after storms DTE Energy donates $10 million to non-profits for energy assistance"
Shell,"7,807","272,657","20,101","13,566",1907,"Oil, Gas & Consumable Fuels",Energy,"82,000",Ben van Beurden,"-4,767","201,045","80,868","18,940",NA,"According to 28 analysts, the average rating for SHEL stock is ""Buy."" The 12-month stock price forecast is 72.98, which is an increase of 28.42% from the latest price.","Transaction in Own Shares Transaction in Own Shares Shell plc - Director Declaration 3 Hydrogen Stocks to Buy Before the Market Starts to Soar in 2023 Shell to 'evaluate' 25 bln pound British investments after windfall tax Director Declaration - SHELL PLC A Safe Harbor in Energy Is Now the Time to Buy Oil Stocks? Global Bioenergies agrees collaboration with Shell in the development of low carbon road fuels 2 Energy Stocks You Can Buy Right Now to Play the EV Boom Inflation Is Falling; Here's What That Means for Investors Publication of Prospectus Supplement Director Declaration SHEL vs. FUPBY: Which Stock Is the Better Value Option? Exxon and Other Oil Stocks Are Already Winning the Election 7 No-Brainer Energy Stocks to Buy for 2023 and Beyond Nigerian widows end their case in the Netherlands against Shell Goldman downgrades Shell over ‘relatively expensive' valuation versus competitors TotalEnergies leads Shell, BP in renewables race, but shares sag Shell to jointly study East China carbon project with Sinopec, Baowu and BASF"
Exxon Mobil,"4,234","285,640","23,040","32,021",1870,"Oil, Gas & Consumable Fuels",Energy,"63,000",Darren Woods,"-12,076","467,879","43,428","-209,718",NA,"According to 32 analysts, the average rating for XOM stock is ""Buy."" The 12-month stock price forecast is 113.1, which is a decrease of -0.45% from the latest price.","Fed minutes indicate smaller rate hikes ahead: time to buy? 3 Reasons Why Growth Investors Shouldn't Overlook Exxon (XOM) Top Investors Reveal 7 High-Dividend Stocks You Should Own 3 Top Energy Stocks to Buy Right Now Buy These 5 Corporate Giants Flying High in Disappointing 2022 Why Kinder Morgan, ExxonMobil, and Chevron Stocks Are Diving Today Oil Prices Are Still High and These 3 Stocks Love It U.S. oil giants Exxon Mobil, Chevron and ConocoPhillips challenged over ‘secretive' tax practices The 3 Best Oil Dividend Stocks to Buy in 2023 The big new Exxon Mobil climate change deal that got an assist from Joe Biden Oil Profits Are Soaring: Here's How to Get Your Share 7 Stocks to Buy to Profit from the Political Uncertainty As Oil Prices Fall, ExxonMobil Holds Up: 'It May Be Time To Ring The Register' - Exxon Mobil (NYSE:XOM) These S&P 500 Companies Generate Substantial Cash 7 Stocks to Buy as Republicans Recapture the House Why ExxonMobil, Chevron, and Diamondback Stocks All Dropped on Friday ExxonMobil And Other Energy Stocks Traders Are Actively Selling Red-Hot Manager Forecasts Volatile 2023: His Stock Picks Tesla Fame's Robot-Run ETF Is Now Betting Big On These Oil Stocks - Chevron (NYSE:CVX), Exxon Mobil (NYSE:XOM) Is Now the Time to Buy Oil Stocks?"
BP plc,"20,264","164,195","7,565","26,039",1889,"Oil, Gas & Consumable Fuels",Energy,"65,900",Robert Dudley,"-9,742","106,283","62,483","75,463",NA,"According to 33 analysts, the average rating for BP stock is ""Buy."" The 12-month stock price forecast is 38.5, which is an increase of 10.06% from the latest price.","Here is What to Know Beyond Why BP p.l.c. (BP) is a Trending Stock BP share price forecast as crude oil retreats BP Rises 3.4% Since Q3 Earnings Beat, Increases Share Buybacks 5 Stocks With Upgraded Broker Ratings to Fight Macro Challenges BP Stock Up 11% Over Last Month. What's Next? Workers at BP refinery will not help with restart unless wage demands met -union A Safe Harbor in Energy BP share price is a bargain and a good green buy – Barrons ARCHAEA ENERGY INVESTOR ALERT BY THE FORMER ATTORNEY GENERAL OF LOUISIANA: Kahn Swick & Foti, LLC Investigates Adequa... Should Value Investors Buy BP (BP) Stock? How I'd Invest $10,000 Today -- Including Real Estate -- if I Had to Start From Scratch Inflation Is Falling; Here's What That Means for Investors Is Trending Stock BP p.l.c. (BP) a Buy Now? BP p.l.c. (BP) Hit a 52 Week High, Can the Run Continue? TotalEnergies leads Shell, BP in renewables race, but shares sag Oil producers need to put their profits into production, says former Rep. Donna Edwards Rosneft says BP should return to Russia, promises dividend Oil and Gas Profits Are an Easy Political Target Biden wants Big Oil to reduce the historic margins their charging, says White House economist Calls for extension of windfall tax as BP posts ‘eye-watering' profits"
Hess Corporation,307,"7,583",559,"2,177",1920,"Oil, Gas & Consumable Fuels",Energy,"1,545",John Hess,"-1,747","44,674","8,535","6,327",NA,"According to 29 analysts, the average rating for HES stock is ""Buy."" The 12-month stock price forecast is 147.3, which is an increase of 1.66% from the latest price.","Red-Hot Manager Forecasts Volatile 2023: His Stock Picks EIA Oil Supply Data Headlines: Crude Stocks Down, Fuel Up Hess CEO says OPEC 'back in the driver's seat' as U.S. shale growth slows Hess Completes Sale of Interests in Libya Hess to Participate in Bank of America Securities 2022 Global Energy Conference Energy remains the only sector consistently growing its cash-flow, says Castleark's Castellini Hess (HES) Q3 Earnings Top Estimates, Production Outlook Rises Hess (HES) Q3 Earnings and Revenues Surpass Estimates New Strong Sell Stocks for October 26th Hess Reports Estimated Results for the Third Quarter of 2022 Hess Announces Two More Discoveries Offshore Guyana Energy Companies Stage Breakout Despite Lower Oil Prices What's in the Offing for Hess Corp's (HES) Q3 Earnings? Hess (HES) Earnings Expected to Grow: What to Know Ahead of Next Week's Release Final Trades: CVS, Hess, Dollar Tree & more PGIM Fund Outperforms With Inflation Fighting Focus The U.S. should not have to rely on OPEC for energy, says former Sen. Judd Gregg Hess Schedules Earnings Release Conference Call 4 Integrated US Stocks to Gain as Oil Price Remains High Oil Reclaims $80 After EIA Reports Supply Draw on All Fronts"
Marathon Oil,787,"5,467",946,"2,898",1887,"Oil, Gas & Consumable Fuels",Energy,"1,531",Lee M. Tillman,"-1,046","19,465","3,978","3,333",NA,"According to 30 analysts, the average rating for MRO stock is ""Buy."" The 12-month stock price forecast is 32.85, which is an increase of 7.18% from the latest price.","3 Dividend Stocks With Supercharged Growth Potential Even at $80 Oil, These Oil Stocks Are Still Ridiculously Cheap 3 High-Growth Stocks With Multibagger Potential by 2025 EIA Oil Supply Data Headlines: Crude Stocks Down, Fuel Up Inflation Has Meant Good Times For These Five Companies Marathon (MRO) Moves Up Since Q3 Earnings Beat: Here's Why Marathon Oil (MRO) to Acquire Eagle Ford Assets in $3B Deal Why Marathon Oil Stock Is An S&P 500 Favorite Today - Marathon Oil (NYSE:MRO) Marathon Oil (MRO) Tops Q3 Earnings and Revenue Estimates Ensign Natural Resources Announces Sale to Marathon Oil Marathon Oil to buy Ensign's Eagle Ford assets for $3 bln Marathon Oil Announces Eagle Ford Acquisition Marathon Oil Reports Third Quarter 2022 Results 7 Cheap Large-Cap Stocks to Buy Before They Surge Higher Mark McCollum and Shawn Williams Elected to Marathon Oil Corporation Board of Directors 7 Breakout Stocks to Buy That Are ‘Immune' to Volatility Marathon (MRO) to Report Q3 Earnings: What's in Store? 2 Scary Stocks Marathon Oil Corporation Declares Third Quarter 2022 Dividend Marathon Oil (MRO) Reports Next Week: Wall Street Expects Earnings Growth"
Ecopetrol,"41,117","91,881,204","15,649,143","6,601,721",1948,"Oil, Gas & Consumable Fuels",Energy,"18,378",Felipe Bayon Pardo,"-12,832,630","21,072","85,854,645","42,271,995","In 2021, Ecopetrol's revenue was 91.88 trillion, an increase of 82.95% compared to the previous year's 50.22 trillion. Earnings were 15.65 trillion, an increase of 886.28%.","According to 13 analysts, the average rating for EC stock is ""Buy."" The 12-month stock price forecast is 35.26, which is an increase of 244.00% from the latest price.","Fitch Ratings maintains Ecopetrol S.A.'s rating at BB+, with a stable outlook Ecopetrol announces the creation of Ecopetrol US Trading LLC, a new subsidiary that will join its Business Group Ecopetrol announces the publication date of its third-quarter earnings report and conference calls Decisions of Ecopetrol S.A.'s Board of Directors Ecopetrol's Board of Directors Appointment Ecopetrol announces nomination of candidate to its Board of Directors Minority Shareholders nominate candidate to Ecopetrol's Board of Directors Ecopetrol publishes measures to guarantee the adequate representation of its Shareholders at the extraordinary Genera... Best Growth Stocks to Buy for October 6th Best Value Stocks to Buy for October 4th New Strong Buy Stocks for October 4th Ecopetrol made a disbursement of a USD 1.2 billion credit facility for the early prepayment of the loan entered into ... Ecopetrol Group presents its second specialized report on climate change management following the recommendations of ... Moody's affirms Ecopetrol's investment grade ratings and outlook and downgrades its BCA Ecopetrol S.A. enters into an electric energy commercialization agreement with Gecelca S.A. Drilling of ultra-deep-water Gorgon-2 well confirms the extension of the gas province in the Colombian Caribbean Ecopetrol Group Announces Second Quarter 2022 Results Ecopetrol announces deepwater gas discovery in Colombia Ecopetrol announces the publication date of its second-quarter earnings report and conference calls Ecopetrol informs the resignation of Vice President of Corporate Affairs and Secretary General"
PetroChina Company,"183,021","2,614,349","92,170","528,342",1999,Oil & Gas Integrated,Energy,"409,191",NA,"-258,871","136,899","410,397","491,581","In 2021, PTRCY's revenue was 2.61 trillion, an increase of 35.19% compared to the previous year's 1.93 trillion. Earnings were 92.17 billion, an increase of 384.95%.","According to 21 analysts, the average rating for PTRCY stock is ""Buy."" The 12-month stock price forecast is 51.99, which is an increase of 10.97% from the latest price.","Continuous Optimization of Oil and Gas Industrial Chain to Ensure Safe and Stable Supply of Oil and Gas Resources Pet... Our 7 Favorite Oil Stocks Heading Into Q4 PetroChina (PTR) 1H Earnings Surge on Soaring Fuel Prices Remarkable Quality and Efficiency Enhancement of Oil and Gas Business - Green and Low-Carbon Transition at Full Steam... Five Chinese state-owned companies set to leave the New York Stock Exchange PetroChina Announced Intention to Delist the American Depositary Shares from the NYSE Wave of Chinese companies including PetroChina and Sinopec say they will de-list from NYSE Exclusive: PetroChina may sell Australian, Canadian assets to stem losses - sources Best Momentum Stocks to Buy for June 24th PetroChina (PTR) Moves to Strong Buy: Rationale Behind the Upgrade 3 large cap stocks holding strong amid a market crash 7 No-Brainer Oil Stocks to Buy Now PetroChina (PTR) Q1 Earnings Surge on Strong Oil, Gas Prices 6 High-Yield Dividend Stocks To Buy And Hold In A Volatile Market Best Income Stocks to Buy for May 6th 7 Best Energy Stocks To Buy With Over 6% Dividend Yields: Ecopetrol, Energy Transfer LP And More PetroChina Filed Annual Report on Form 20-F Constantly Enhanced Exploration and Development Accelerated Green and Low-Carbon Transformation PetroChina Continued ... Best Income Stocks to Buy for April 28th New Strong Buy Stocks for April 28th"
Schlumberger,"1,400","22,929","1,881",893,1926,Energy Equipment & Services,Energy,"92,000",Olivier Le Peuch,"-1,654","72,913","13,286","10,375",NA,"According to 34 analysts, the average rating for SLB stock is ""Buy."" The 12-month stock price forecast is 57.22, which is an increase of 11.28% from the latest price.",Is Schlumberger (SLB) Outperforming Other Oils-Energy Stocks This Year? Investors Heavily Search Schlumberger Limited (SLB): Here is What You Need to Know SLB and Subsea Integration Alliance Awarded Contract for bp's Cypre Project Schlumberger (SLB) Crossed Above the 20-Day Moving Average: What That Means for Investors SLB Announces Debt Tender Offer Pro: buy ‘oil services stocks' to play the energy trade from here on out ExxonMobil And Other Energy Stocks Traders Are Actively Selling SLB Collaborates with Oman's Ministry of Energy and Minerals and the Oman Investment Authority on Geothermal Resource... SLB vs. CLB: Which Stock Is the Better Value Option? Recession is still likely: 2 defensive stocks you should buy Capital Wealth Planning founder Kevin Simpson presents his 5-star defensive playbook Schlumberger Limited (SLB) is Attracting Investor Attention: Here is What You Should Know Cramer expects energy stocks to rally if Republicans have a strong showing in the midterms Can Schlumberger (SLB) Run Higher on Rising Earnings Estimates? SLB to Host 2022 Investors Conference Linde and SLB Collaborate on Carbon Capture and Sequestration SLB and Linde Collaborate on Carbon Capture and Sequestration SLB MENA President Tarek Rizk: Short-term uncertainty in energy market but demand is strong Are You Looking for a Top Momentum Pick? Why Schlumberger (SLB) is a Great Choice Upbeat Earnings Boost Oil Services ETFs
